Year,Crop,CDL_m2,Comm_m2,CDL_Acres,Comm_Acres,CoA_Data_Item(s),CoA_Acres,CV%,SD,LL,UL,Notes,Within_90_CI?,State_Adj_Ratio,Ratio_Greater_Than_1?,Omission-Adjustment,Adjustment_Code
2013,1,364474800,362809198.4,90063.54545,89651.96697,"CORN, GRAIN - ACRES HARVESTED; CORN, SILAGE - ACRES HARVESTED",97570,3.07707925,3002.306224,92631.20626,102508.7937,,N,1.08831968,Y,Omisison-adjustment raster from NLCD,3
2013,2,209700,202505.2775,51.8179185,50.0400666,,0,0,0,0,0,,N,0,N,Multiply probability by state adjustment ratio,2
2013,3,17541900,17523032.87,4334.6912,4330.029038,RICE - ACRES HARVESTED,4211,10.2,429.522,3504.43631,4917.56369,,Y,0.972510799,N,NA,1
2013,4,157500,155461.1237,38.9190375,38.41522098,"SORGHUM, GRAIN - ACRES HARVESTED; SORGHUM, SILAGE - ACRES HARVESTED",1200,14.84658147,178.1589777,906.9284817,1493.071518,,N,31.23761804,Y,Omisison-adjustment raster from NLCD,3
2013,5,0,0,0,0,,0,0,0,0,0,,NA,NA,NA,NA,4
2013,6,963900,953467.9177,238.1845095,235.6066898,SUNFLOWER - ACRES HARVESTED,NA,NA,NA,NA,NA,,NA,NA,NA,NA,6
2013,7,0,0,0,0,,0,0,0,0,0,,NA,NA,NA,NA,4
2013,8,0,0,0,0,,0,0,0,0,0,,NA,NA,NA,NA,4
2013,9,4472100,4388244.004,1105.078271,1084.357035,SWEET CORN - ACRES HARVESTED,2935,11.9,349.265,2360.459075,3509.540925,,N,2.706673085,Y,Omisison-adjustment raster from NLCD,3
2013,10,0,0,0,0,,0,0,0,0,0,,NA,NA,NA,NA,4
2013,11,0,0,0,0,,0,0,0,0,0,,NA,NA,NA,NA,4
2013,12,711900,700680.614,175.9140495,173.1416831,BARLEY - ACRES HARVESTED,716,33,236.28,327.3194,1104.6806,,N,4.135341571,Y,Omisison-adjustment raster from NLCD,3
2013,13,4500,4500,1.1119725,1.1119725,"WHEAT, SPRING, DURUM - ACRES HARVESTED",NA,NA,NA,NA,NA,,NA,NA,NA,NA,6
2013,14,2508300,2456864.972,619.8134715,607.103619,"WHEAT, SPRING, (EXCL DURUM) - ACRES HARVESTED",NA,NA,NA,NA,NA,,NA,NA,NA,NA,6
2013,15,107235000,104963233.8,26498.30468,25936.93989,"WHEAT, WINTER - ACRES HARVESTED",24904,13.3,3312.232,19455.37836,30352.62164,,Y,0.960174951,N,NA,1
2013,16,0,0,0,0,,0,0,0,0,0,,NA,NA,NA,NA,4
2013,17,106200,102233.4512,26.242551,25.26239696,RYE - ACRES HARVESTED,NA,NA,NA,NA,NA,,NA,NA,NA,NA,6
2013,18,66005100,63071982.81,16310.19024,15585.40231,OATS - ACRES HARVESTED,1890,9.3,175.77,1600.85835,2179.14165,,N,0.121267322,N,Multiply probability by state adjustment ratio,2
2013,19,0,0,0,0,,0,0,0,0,0,,NA,NA,NA,NA,4
2013,20,0,0,0,0,,0,0,0,0,0,,NA,NA,NA,NA,4
2013,21,5400,5400,1.334367,1.334367,,0,0,0,0,0,,N,0,N,Multiply probability by state adjustment ratio,2
2013,22,0,0,0,0,,0,0,0,0,0,,NA,NA,NA,NA,4
2013,23,16661700,16390609.08,4117.189379,4050.201458,SAFFLOWER - ACRES HARVESTED,3386,5.5,186.23,3079.65165,3692.34835,,N,0.836007797,N,Multiply probability by state adjustment ratio,2
2013,24,0,0,0,0,,0,0,0,0,0,,NA,NA,NA,NA,4
2013,25,0,0,0,0,,0,0,0,0,0,,NA,NA,NA,NA,4
2013,26,291739500,221538166.1,72090.28915,54743.18854,"HAY, ALFALFA - ACRES HARVESTED; HAYLAGE, ALFALFA - ACRES HARVESTED; LEGUMES, ALFALFA, SEED - ACRES HARVESTED",NA,NA,NA,NA,NA,,NA,NA,NA,NA,6
2013,27,765684000,470056069.7,189204.3448,116153.2051,"HAY, SMALL GRAIN - ACRES HARVESTED; HAY, TAME, (EXCL ALFALFA & SMALL GRAIN) - ACRES HARVESTED; HAY, WILD - ACRES HARVESTED; HAYLAGE, (EXCL ALFALFA) - ACRES HARVESTED",39876,7.770719817,3098.652234,34778.71707,44973.28293,,N,0.343305206,N,Multiply probability by state adjustment ratio,2
2013,28,0,0,0,0,,0,0,0,0,0,,NA,NA,NA,NA,4
2013,29,0,0,0,0,,0,0,0,0,0,,NA,NA,NA,NA,4
2013,30,761400,761400,188.145747,188.145747,,0,0,0,0,0,,N,0,N,Multiply probability by state adjustment ratio,2
2013,31,7902000,7859044.761,1952.62371,1942.009256,"BEANS, DRY EDIBLE, (EXCL LIMA), INCL CHICKPEAS - ACRES HARVESTED; BEANS, DRY EDIBLE, LIMA - ACRES HARVESTED",7032,27.99870551,1968.868972,3793.210541,10270.78946,,N,3.620992011,Y,Omisison-adjustment raster from NLCD,3
2013,32,1546200,1546200,382.073751,382.073751,POTATOES - ACRES HARVESTED,2952,13.5,398.52,2296.4346,3607.5654,,N,7.726257018,Y,Omisison-adjustment raster from NLCD,3
2013,33,1612800,1332545.266,398.530944,329.278598,,0,0,0,0,0,,N,0,N,Multiply probability by state adjustment ratio,2
2013,34,0,0,0,0,,0,0,0,0,0,,NA,NA,NA,NA,4
2013,35,11700,11700,2.8911285,2.8911285,SWEET POTATOES - ACRES HARVESTED,NA,NA,NA,NA,NA,,NA,NA,NA,NA,6
2013,36,0,0,0,0,"BEANS, GREEN, LIMA - ACRES HARVESTED; BEANS, SNAP - ACRES HARVESTED; BEETS - ACRES HARVESTED; CHICORY - ACRES HARVESTED; BRUSSELS SPROUTS - ACRES HARVESTED; DAIKON - ACRES HARVESTED; ESCAROLE & ENDIVE - ACRES HARVESTED; OKRA - ACRES HARVESTED; SPINACH - ACRES HARVESTED; VEGETABLES, OTHER - ACRES HARVESTED",NA,NA,NA,NA,NA,,NA,NA,NA,NA,4
2013,37,7584300,7514321.367,1874.118452,1856.826381,"MELONS, WATERMELON - ACRES HARVESTED",3048,29.8,908.304,1553.83992,4542.16008,,Y,1.641510499,Y,NA,1
2013,38,3149100,3136969.345,778.1583555,775.1608101,"ONIONS, DRY - ACRES HARVESTED; ONIONS, GREEN - ACRES HARVESTED",NA,NA,NA,NA,NA,,NA,NA,NA,NA,6
2013,39,1459800,1451076.202,360.723879,358.5681849,CUCUMBERS - ACRES HARVESTED,2848,60.3,1717.344,22.96912,5673.03088,,Y,7.942701333,Y,NA,1
2013,40,0,0,0,0,,0,0,0,0,0,,NA,NA,NA,NA,4
2013,41,0,0,0,0,,0,0,0,0,0,,NA,NA,NA,NA,4
2013,42,2482200,2465260.435,613.364031,609.1781797,"PEAS, GREEN, (EXCL SOUTHERN) - ACRES HARVESTED; PEAS, GREEN, SOUTHERN (COWPEAS) - ACRES HARVESTED",NA,NA,NA,NA,NA,,NA,NA,NA,NA,6
2013,43,137320200,135909457.6,33932.50802,33583.90652,"TOMATOES, IN THE OPEN - ACRES HARVESTED",30942,7.8,2413.476,26971.83198,34912.16802,,Y,0.921334151,N,NA,1
2013,44,0,0,0,0,"BLACKBERRIES, INCL DEWBERRIES & MARIONBERRIES - ACRES GROWN; BOYSENBERRIES - ACRES GROWN; RASPBERRIES - ACRES GROWN",18,21.29295731,3.832732315,11.69515534,24.30484466,,NA,NA,NA,NA,4
2013,45,0,0,0,0,,0,0,0,0,0,,NA,NA,NA,NA,4
2013,46,42300,42300,10.4525415,10.4525415,"HERBS, FRESH CUT - ACRES HARVESTED",12,17.2,2.064,8.60472,15.39528,,Y,1.148046147,Y,NA,1
2013,47,20147400,19427622.04,4978.523277,4800.662543,,0,0,0,0,0,,N,0,N,Multiply probability by state adjustment ratio,2
2013,48,5827500,5751745.513,1440.004388,1421.285075,SOD - ACRES HARVESTED,NA,NA,NA,NA,NA,,NA,NA,NA,NA,6
2013,49,0,0,0,0,,0,0,0,0,0,,NA,NA,NA,NA,4
2013,50,153000900,138987626.1,37807.28739,34344.53735,"AG LAND, CROPLAND, (EXCL HARVESTED & PASTURED), CULTIVATED SUMMER FALLOW - ACRES; AG LAND, CROPLAND, (EXCL HARVESTED & PASTURED), IDLE - ACRES",19043,11.47993141,2186.123338,15446.82711,22639.17289,,N,0.554469545,N,Multiply probability by state adjustment ratio,2
2013,51,61572600,60324458.69,15214.89732,14906.47537,"CHERRIES, SWEET - ACRES BEARING & NON-BEARING",17468,21.9,3825.492,11175.06566,23760.93434,,Y,1.171839726,Y,NA,1
2013,52,3487500,3474904.993,861.7786875,858.6663983,PEACHES - ACRES BEARING & NON-BEARING,2568,6.9,177.192,2276.51916,2859.48084,,N,2.990684164,Y,Omisison-adjustment raster from NLCD,3
2013,53,2672100,2591073.276,660.2892705,640.2671619,APPLES - ACRES BEARING & NON-BEARING,1625,31.4,510.25,785.63875,2464.36125,,N,2.538003035,Y,Omisison-adjustment raster from NLCD,3
2013,54,347226300,341882567.3,85801.35486,84480.8918,GRAPES - ACRES BEARING & NON-BEARING,106753,6.5,6938.945,95338.43548,118167.5645,,N,1.263634861,Y,Omisison-adjustment raster from NLCD,3
2013,55,205200,186496.9729,50.705946,46.08433449,CHESTNUTS - ACRES BEARING & NON-BEARING; FIGS - ACRES BEARING & NON-BEARING; KIWIFRUIT - ACRES BEARING & NON-BEARING; PERSIMMONS - ACRES BEARING & NON-BEARING,NA,NA,NA,NA,NA,,NA,NA,NA,NA,6
2013,56,0,0,0,0,GRAPEFRUIT - ACRES BEARING & NON-BEARING; LEMONS - ACRES BEARING & NON-BEARING; TANGERINES - ACRES BEARING & NON-BEARING,187,6.080529977,11.37059106,168.2953777,205.7046223,,NA,NA,NA,NA,4
2013,57,0,0,0,0,PECANS - ACRES BEARING & NON-BEARING,NA,NA,NA,NA,NA,,NA,NA,NA,NA,4
2013,58,218065500,214646529,53885.07538,53040.23056,ALMONDS - ACRES BEARING & NON-BEARING,54283,6,3256.98,48925.2679,59640.7321,,Y,1.023430695,Y,NA,1
2013,59,285313500,281162181.3,70502.39242,69476.5808,"WALNUTS, ENGLISH - ACRES BEARING & NON-BEARING",48850,9.9,4836.15,40894.53325,56805.46675,,N,0.703114624,N,Multiply probability by state adjustment ratio,2
2013,60,477900,465012.1524,118.0914795,114.9068279,PEARS - ACRES BEARING & NON-BEARING,610,13.8,84.18,471.5239,748.4761,,N,5.308648851,Y,Omisison-adjustment raster from NLCD,3
2013,61,302400,283606.0621,74.724552,70.08047599,PISTACHIOS - ACRES BEARING & NON-BEARING,597,9,53.73,508.61415,685.38585,,N,8.518777757,Y,Omisison-adjustment raster from NLCD,3
2013,62,38179800,37553661.59,9434.419479,9279.697547,TRITICALE - ACRES HARVESTED,5787,9.7,561.339,4863.597345,6710.402655,,N,0.623619463,N,Multiply probability by state adjustment ratio,2
2013,63,1280700,1273812.449,316.4673735,314.7654252,CARROTS - ACRES HARVESTED,103,30,30.9,52.1695,153.8305,,N,0.327227808,N,Multiply probability by state adjustment ratio,2
2013,64,7686000,7671356.242,1899.24903,1895.630484,ASPARAGUS - ACRES HARVESTED,4807,11.9,572.033,3866.005715,5747.994285,,N,2.535831767,Y,Omisison-adjustment raster from NLCD,3
2013,65,1800,1800,0.444789,0.444789,GARLIC - ACRES HARVESTED,7,24.4,1.708,4.19034,9.80966,,N,15.73779927,Y,Omisison-adjustment raster from NLCD,3
2013,66,4500,4500,1.1119725,1.1119725,"MELONS, CANTALOUP - ACRES HARVESTED",97,11.6,11.252,78.49046,115.50954,,N,87.2323731,Y,Omisison-adjustment raster from NLCD,3
2013,67,0,0,0,0,PRUNES - ACRES BEARING & NON-BEARING,2,20.2,0.404,1.33542,2.66458,,NA,NA,NA,NA,4
2013,68,13464900,13137160.27,3327.244115,3246.257989,OLIVES - ACRES BEARING & NON-BEARING,3104,20.5,636.32,2057.2536,4150.7464,,Y,0.956177855,N,NA,1
2013,69,9000,6983.649415,2.223945,1.725694689,ORANGES - ACRES BEARING & NON-BEARING,726,6.3,45.738,650.76099,801.23901,,N,420.7001416,Y,Omisison-adjustment raster from NLCD,3
2013,70,3600,3600,0.889578,0.889578,,0,0,0,0,0,,N,0,N,Multiply probability by state adjustment ratio,2
2013,71,0,0,0,0,BROCCOLI - ACRES HARVESTED,94,12.6,11.844,74.51662,113.48338,,NA,NA,NA,NA,4
2013,72,0,0,0,0,AVOCADOS - ACRES BEARING & NON-BEARING,NA,NA,NA,NA,NA,,NA,NA,NA,NA,4
2013,73,1242000,1241269.066,306.90441,306.7237926,"PEPPERS, BELL - ACRES HARVESTED; PEPPERS, CHILE - ACRES HARVESTED",NA,NA,NA,NA,NA,,NA,NA,NA,NA,6
2013,74,516600,508069.7175,127.654443,125.5465676,POMEGRANATES - ACRES BEARING & NON-BEARING,215,3.6,7.74,202.2677,227.7323,,N,1.712511972,Y,Omisison-adjustment raster from NLCD,3
2013,75,0,0,0,0,NECTARINES - ACRES BEARING & NON-BEARING,16,10.2,1.632,13.31536,18.68464,,NA,NA,NA,NA,4
2013,76,0,0,0,0,"GREENS, COLLARD - ACRES HARVESTED; GREENS, KALE - ACRES HARVESTED; GREENS, MUSTARD - ACRES HARVESTED",NA,NA,NA,NA,NA,,NA,NA,NA,NA,4
2013,77,216000,203819.2758,53.37468,50.36476215,"PLUM-APRICOT HYBRIDS, INCL PLUMCOTS & PLUOTS - ACRES BEARING & NON-BEARING; PLUMS - ACRES BEARING & NON-BEARING",22,10.77248657,2.369947046,18.10143711,25.89856289,,N,0.436813341,N,Multiply probability by state adjustment ratio,2
2013,78,0,0,0,0,STRAWBERRIES - ACRES GROWN,91,13.9,12.649,70.192395,111.807605,,NA,NA,NA,NA,4
2013,79,1035000,0,255.753675,0,SQUASH - ACRES HARVESTED,1368,30.4,415.872,683.89056,2052.10944,,NA,NA,NA,NA,5
2013,80,703800,658346.8384,173.912499,162.6807955,APRICOTS - ACRES BEARING & NON-BEARING,752,20.3,152.656,500.88088,1003.11912,,N,4.622549316,Y,Omisison-adjustment raster from NLCD,3
2013,81,56700,14496.59943,14.0108535,3.582182203,,0,0,0,0,0,,N,0,N,Multiply probability by state adjustment ratio,2
2013,82,900,900,0.2223945,0.2223945,LETTUCE - ACRES HARVESTED,118,13.2,15.576,92.37748,143.62252,,N,530.5886611,Y,Omisison-adjustment raster from NLCD,3
2013,83,4308300,4247985.834,1064.602472,1049.698539,PUMPKINS - ACRES HARVESTED,3441,34.2,1176.822,1505.12781,5376.87219,,N,3.278084012,Y,Omisison-adjustment raster from NLCD,3
2013,84,84600,83739.2785,20.905083,20.69239441,"BLUEBERRIES, TAME - ACRES GROWN",327,57.4,187.698,18.23679,635.76321,,Y,15.80290775,Y,NA,1
2013,85,0,0,0,0,"CABBAGE, HEAD - ACRES HARVESTED",NA,NA,NA,NA,NA,,NA,NA,NA,NA,4
2013,86,0,0,0,0,CAULIFLOWER - ACRES HARVESTED,15,14.7,2.205,11.372775,18.627225,,NA,NA,NA,NA,4
2013,87,0,0,0,0,CELERY - ACRES HARVESTED,NA,NA,NA,NA,NA,,NA,NA,NA,NA,4
2013,88,0,0,0,0,,0,0,0,0,0,,NA,NA,NA,NA,4
2013,89,0,0,0,0,TURNIPS - ACRES HARVESTED,NA,NA,NA,NA,NA,(H),NA,NA,NA,NA,4
2013,90,0,0,0,0,EGGPLANT - ACRES HARVESTED,224,15.4,34.496,167.25408,280.74592,,NA,NA,NA,NA,4
2013,91,0,0,0,0,,NA,NA,NA,NA,NA,,NA,NA,NA,NA,4
2013,92,0,0,0,0,,0,0,0,0,0,,NA,NA,NA,NA,4
2014,1,299763000,297454639.7,74072.93612,73502.52875,"CORN, GRAIN - ACRES HARVESTED; CORN, SILAGE - ACRES HARVESTED",97570,3.07707925,3002.306224,92631.20626,102508.7937,,N,1.327437323,Y,Omisison-adjustment raster from NLCD,3
2014,2,424800,414386.704,104.970204,102.3970265,,0,0,0,0,0,,N,0,N,Multiply probability by state adjustment ratio,2
2014,3,13428900,13411214.77,3318.348335,3313.978226,RICE - ACRES HARVESTED,4211,10.2,429.522,3504.43631,4917.56369,,N,1.270678234,Y,Omisison-adjustment raster from NLCD,3
2014,4,155700,144735.1908,38.4742485,35.76478932,"SORGHUM, GRAIN - ACRES HARVESTED; SORGHUM, SILAGE - ACRES HARVESTED",1200,14.84658147,178.1589777,906.9284817,1493.071518,,N,33.5525533,Y,Omisison-adjustment raster from NLCD,3
2014,5,0,0,0,0,,0,0,0,0,0,,NA,NA,NA,NA,4
2014,6,239400,213784.9151,59.156937,52.82732146,SUNFLOWER - ACRES HARVESTED,NA,NA,NA,NA,NA,,NA,NA,NA,NA,6
2014,7,0,0,0,0,,0,0,0,0,0,,NA,NA,NA,NA,4
2014,8,0,0,0,0,,0,0,0,0,0,,NA,NA,NA,NA,4
2014,9,1560600,1521718.084,385.632063,376.0241472,SWEET CORN - ACRES HARVESTED,2935,11.9,349.265,2360.459075,3509.540925,,N,7.805349794,Y,Omisison-adjustment raster from NLCD,3
2014,10,0,0,0,0,,0,0,0,0,0,,NA,NA,NA,NA,4
2014,11,0,0,0,0,,0,0,0,0,0,,NA,NA,NA,NA,4
2014,12,19800,10082.15345,4.892679,2.491350529,BARLEY - ACRES HARVESTED,716,33,236.28,327.3194,1104.6806,,N,287.3943235,Y,Omisison-adjustment raster from NLCD,3
2014,13,4500,4500,1.1119725,1.1119725,"WHEAT, SPRING, DURUM - ACRES HARVESTED",NA,NA,NA,NA,NA,,NA,NA,NA,NA,6
2014,14,628200,620715.0078,155.231361,153.381782,"WHEAT, SPRING, (EXCL DURUM) - ACRES HARVESTED",NA,NA,NA,NA,NA,,NA,NA,NA,NA,6
2014,15,110806200,107475065.6,27380.76605,26557.62609,"WHEAT, WINTER - ACRES HARVESTED",24904,13.3,3312.232,19455.37836,30352.62164,,Y,0.937734416,N,NA,1
2014,16,0,0,0,0,,0,0,0,0,0,,NA,NA,NA,NA,4
2014,17,96300,96300,23.7962115,23.7962115,RYE - ACRES HARVESTED,NA,NA,NA,NA,NA,,NA,NA,NA,NA,6
2014,18,69236100,67242093.77,17108.58649,16615.85758,OATS - ACRES HARVESTED,1890,9.3,175.77,1600.85835,2179.14165,,N,0.113746762,N,Multiply probability by state adjustment ratio,2
2014,19,0,0,0,0,,0,0,0,0,0,,NA,NA,NA,NA,4
2014,20,0,0,0,0,,0,0,0,0,0,,NA,NA,NA,NA,4
2014,21,4500,0,1.1119725,0,,0,0,0,0,0,,NA,NA,NA,NA,5
2014,22,0,0,0,0,,0,0,0,0,0,,NA,NA,NA,NA,4
2014,23,13293900,13128171.11,3284.98916,3244.036722,SAFFLOWER - ACRES HARVESTED,3386,5.5,186.23,3079.65165,3692.34835,,Y,1.043761304,Y,NA,1
2014,24,0,0,0,0,,0,0,0,0,0,,NA,NA,NA,NA,4
2014,25,0,0,0,0,,0,0,0,0,0,,NA,NA,NA,NA,4
2014,26,337232700,274356580.5,83331.88633,67794.88283,"HAY, ALFALFA - ACRES HARVESTED; HAYLAGE, ALFALFA - ACRES HARVESTED; LEGUMES, ALFALFA, SEED - ACRES HARVESTED",NA,NA,NA,NA,NA,,NA,NA,NA,NA,6
2014,27,733158000,463435266.6,181167.0076,114517.1716,"HAY, SMALL GRAIN - ACRES HARVESTED; HAY, TAME, (EXCL ALFALFA & SMALL GRAIN) - ACRES HARVESTED; HAY, WILD - ACRES HARVESTED; HAYLAGE, (EXCL ALFALFA) - ACRES HARVESTED",39876,7.770719817,3098.652234,34778.71707,44973.28293,,N,0.348209788,N,Multiply probability by state adjustment ratio,2
2014,28,0,0,0,0,,0,0,0,0,0,,NA,NA,NA,NA,4
2014,29,0,0,0,0,,0,0,0,0,0,,NA,NA,NA,NA,4
2014,30,0,0,0,0,,0,0,0,0,0,,NA,NA,NA,NA,4
2014,31,10976400,10881172.76,2712.323322,2688.792196,"BEANS, DRY EDIBLE, (EXCL LIMA), INCL CHICKPEAS - ACRES HARVESTED; BEANS, DRY EDIBLE, LIMA - ACRES HARVESTED",7032,27.99870551,1968.868972,3793.210541,10270.78946,,N,2.615300658,Y,Omisison-adjustment raster from NLCD,3
2014,32,9172800,9110556.254,2266.644744,2251.264003,POTATOES - ACRES HARVESTED,2952,13.5,398.52,2296.4346,3607.5654,,N,1.31126336,Y,Omisison-adjustment raster from NLCD,3
2014,33,3241800,3220148.105,801.064989,795.7146975,,0,0,0,0,0,,N,0,N,Multiply probability by state adjustment ratio,2
2014,34,0,0,0,0,,0,0,0,0,0,,NA,NA,NA,NA,4
2014,35,8100,0,2.0015505,0,SWEET POTATOES - ACRES HARVESTED,NA,NA,NA,NA,NA,,NA,NA,NA,NA,5
2014,36,46800,45971.25369,11.564514,11.35972664,"BEANS, GREEN, LIMA - ACRES HARVESTED; BEANS, SNAP - ACRES HARVESTED; BEETS - ACRES HARVESTED; CHICORY - ACRES HARVESTED; BRUSSELS SPROUTS - ACRES HARVESTED; DAIKON - ACRES HARVESTED; ESCAROLE & ENDIVE - ACRES HARVESTED; OKRA - ACRES HARVESTED; SPINACH - ACRES HARVESTED; VEGETABLES, OTHER - ACRES HARVESTED",NA,NA,NA,NA,NA,,NA,NA,NA,NA,6
2014,37,4322700,4293125.658,1068.160784,1060.852816,"MELONS, WATERMELON - ACRES HARVESTED",3048,29.8,908.304,1553.83992,4542.16008,,N,2.873160117,Y,Omisison-adjustment raster from NLCD,3
2014,38,2619900,2606081.348,647.3903895,643.9757315,"ONIONS, DRY - ACRES HARVESTED; ONIONS, GREEN - ACRES HARVESTED",NA,NA,NA,NA,NA,,NA,NA,NA,NA,6
2014,39,0,0,0,0,CUCUMBERS - ACRES HARVESTED,2848,60.3,1717.344,22.96912,5673.03088,,NA,NA,NA,NA,4
2014,40,0,0,0,0,,0,0,0,0,0,,NA,NA,NA,NA,4
2014,41,0,0,0,0,,0,0,0,0,0,,NA,NA,NA,NA,4
2014,42,4176000,4025989.419,1031.91048,994.8421153,"PEAS, GREEN, (EXCL SOUTHERN) - ACRES HARVESTED; PEAS, GREEN, SOUTHERN (COWPEAS) - ACRES HARVESTED",NA,NA,NA,NA,NA,,NA,NA,NA,NA,6
2014,43,201177000,199328220.6,49711.84259,49254.99994,"TOMATOES, IN THE OPEN - ACRES HARVESTED",30942,7.8,2413.476,26971.83198,34912.16802,,N,0.628200183,N,Multiply probability by state adjustment ratio,2
2014,44,0,0,0,0,"BLACKBERRIES, INCL DEWBERRIES & MARIONBERRIES - ACRES GROWN; BOYSENBERRIES - ACRES GROWN; RASPBERRIES - ACRES GROWN",18,21.29295731,3.832732315,11.69515534,24.30484466,,NA,NA,NA,NA,4
2014,45,0,0,0,0,,0,0,0,0,0,,NA,NA,NA,NA,4
2014,46,194400,192665.5922,48.037212,47.60863117,"HERBS, FRESH CUT - ACRES HARVESTED",12,17.2,2.064,8.60472,15.39528,,N,0.252055136,N,Multiply probability by state adjustment ratio,2
2014,47,6282000,5774808.611,1552.31361,1426.984082,,0,0,0,0,0,,N,0,N,Multiply probability by state adjustment ratio,2
2014,48,11380500,11199843.76,2812.178453,2767.537391,SOD - ACRES HARVESTED,NA,NA,NA,NA,NA,,NA,NA,NA,NA,6
2014,49,0,0,0,0,,0,0,0,0,0,,NA,NA,NA,NA,4
2014,50,70453800,66090838.25,17409.48625,16331.37659,"AG LAND, CROPLAND, (EXCL HARVESTED & PASTURED), CULTIVATED SUMMER FALLOW - ACRES; AG LAND, CROPLAND, (EXCL HARVESTED & PASTURED), IDLE - ACRES",19043,11.47993141,2186.123338,15446.82711,22639.17289,,Y,1.166037652,Y,NA,1
2014,51,39548700,39108994.67,9772.681514,9664.028127,"CHERRIES, SWEET - ACRES BEARING & NON-BEARING",17468,21.9,3825.492,11175.06566,23760.93434,,N,1.807527852,Y,Omisison-adjustment raster from NLCD,3
2014,52,1063800,1056882.352,262.870299,261.1609136,PEACHES - ACRES BEARING & NON-BEARING,2568,6.9,177.192,2276.51916,2859.48084,,N,9.833018138,Y,Omisison-adjustment raster from NLCD,3
2014,53,77400,68663.61842,19.125927,16.96712343,APPLES - ACRES BEARING & NON-BEARING,1625,31.4,510.25,785.63875,2464.36125,,N,95.7734531,Y,Omisison-adjustment raster from NLCD,3
2014,54,513879300,496682871.9,126982.1444,122732.8211,GRAPES - ACRES BEARING & NON-BEARING,106753,6.5,6938.945,95338.43548,118167.5645,,N,0.869799937,N,Multiply probability by state adjustment ratio,2
2014,55,23400,22313.75849,5.782257,5.513841291,CHESTNUTS - ACRES BEARING & NON-BEARING; FIGS - ACRES BEARING & NON-BEARING; KIWIFRUIT - ACRES BEARING & NON-BEARING; PERSIMMONS - ACRES BEARING & NON-BEARING,NA,NA,NA,NA,NA,,NA,NA,NA,NA,6
2014,56,0,0,0,0,GRAPEFRUIT - ACRES BEARING & NON-BEARING; LEMONS - ACRES BEARING & NON-BEARING; TANGERINES - ACRES BEARING & NON-BEARING,187,6.080529977,11.37059106,168.2953777,205.7046223,,NA,NA,NA,NA,4
2014,57,3600,3600,0.889578,0.889578,PECANS - ACRES BEARING & NON-BEARING,NA,NA,NA,NA,NA,,NA,NA,NA,NA,6
2014,58,230228100,226853747.9,56890.51465,56056.69537,ALMONDS - ACRES BEARING & NON-BEARING,54283,6,3256.98,48925.2679,59640.7321,,Y,0.968358902,N,NA,1
2014,59,255705300,250187057.3,63186.05816,61822.47279,"WALNUTS, ENGLISH - ACRES BEARING & NON-BEARING",48850,9.9,4836.15,40894.53325,56805.46675,,N,0.790165741,N,Multiply probability by state adjustment ratio,2
2014,60,741600,642674.2812,183.253068,158.8080283,PEARS - ACRES BEARING & NON-BEARING,610,13.8,84.18,471.5239,748.4761,,N,3.841115633,Y,Omisison-adjustment raster from NLCD,3
2014,61,99900,91257.2806,24.6857895,22.55013032,PISTACHIOS - ACRES BEARING & NON-BEARING,597,9,53.73,508.61415,685.38585,,N,26.47434811,Y,Omisison-adjustment raster from NLCD,3
2014,62,17265600,16438378.27,4266.416088,4062.005462,TRITICALE - ACRES HARVESTED,5787,9.7,561.339,4863.597345,6710.402655,,N,1.424665736,Y,Omisison-adjustment raster from NLCD,3
2014,63,1800,1800,0.444789,0.444789,CARROTS - ACRES HARVESTED,103,30,30.9,52.1695,153.8305,,N,231.570475,Y,Omisison-adjustment raster from NLCD,3
2014,64,4822200,4703743.295,1191.589731,1162.318487,ASPARAGUS - ACRES HARVESTED,4807,11.9,572.033,3866.005715,5747.994285,,N,4.135699513,Y,Omisison-adjustment raster from NLCD,3
2014,65,18900,18900,4.6702845,4.6702845,GARLIC - ACRES HARVESTED,7,24.4,1.708,4.19034,9.80966,,Y,1.498838026,Y,NA,1
2014,66,9900,9900,2.4463395,2.4463395,"MELONS, CANTALOUP - ACRES HARVESTED",97,11.6,11.252,78.49046,115.50954,,N,39.65107868,Y,Omisison-adjustment raster from NLCD,3
2014,67,0,0,0,0,PRUNES - ACRES BEARING & NON-BEARING,2,20.2,0.404,1.33542,2.66458,,NA,NA,NA,NA,4
2014,68,9077400,8645381.307,2243.070927,2136.316948,OLIVES - ACRES BEARING & NON-BEARING,3104,20.5,636.32,2057.2536,4150.7464,,Y,1.452967924,Y,NA,1
2014,69,1800,1800,0.444789,0.444789,ORANGES - ACRES BEARING & NON-BEARING,726,6.3,45.738,650.76099,801.23901,,N,1632.23461,Y,Omisison-adjustment raster from NLCD,3
2014,70,84600,84600,20.905083,20.905083,,0,0,0,0,0,,N,0,N,Multiply probability by state adjustment ratio,2
2014,71,0,0,0,0,BROCCOLI - ACRES HARVESTED,94,12.6,11.844,74.51662,113.48338,,NA,NA,NA,NA,4
2014,72,0,0,0,0,AVOCADOS - ACRES BEARING & NON-BEARING,NA,NA,NA,NA,NA,,NA,NA,NA,NA,4
2014,73,9000,9000,2.223945,2.223945,"PEPPERS, BELL - ACRES HARVESTED; PEPPERS, CHILE - ACRES HARVESTED",NA,NA,NA,NA,NA,,NA,NA,NA,NA,6
2014,74,405900,384053.5251,100.2999195,94.90154632,POMEGRANATES - ACRES BEARING & NON-BEARING,215,3.6,7.74,202.2677,227.7323,,N,2.265505762,Y,Omisison-adjustment raster from NLCD,3
2014,75,0,0,0,0,NECTARINES - ACRES BEARING & NON-BEARING,16,10.2,1.632,13.31536,18.68464,,NA,NA,NA,NA,4
2014,76,0,0,0,0,"GREENS, COLLARD - ACRES HARVESTED; GREENS, KALE - ACRES HARVESTED; GREENS, MUSTARD - ACRES HARVESTED",NA,NA,NA,NA,NA,,NA,NA,NA,NA,4
2014,77,63900,55692.32479,15.7900095,13.76185192,"PLUM-APRICOT HYBRIDS, INCL PLUMCOTS & PLUOTS - ACRES BEARING & NON-BEARING; PLUMS - ACRES BEARING & NON-BEARING",22,10.77248657,2.369947046,18.10143711,25.89856289,,N,1.598622055,Y,Omisison-adjustment raster from NLCD,3
2014,78,2700,1800,0.6671835,0.444789,STRAWBERRIES - ACRES GROWN,91,13.9,12.649,70.192395,111.807605,,N,204.5913905,Y,Omisison-adjustment raster from NLCD,3
2014,79,127800,126968.0085,31.580019,31.37442975,SQUASH - ACRES HARVESTED,1368,30.4,415.872,683.89056,2052.10944,,N,43.60238611,Y,Omisison-adjustment raster from NLCD,3
2014,80,225000,211191.5815,55.598625,52.18649575,APRICOTS - ACRES BEARING & NON-BEARING,752,20.3,152.656,500.88088,1003.11912,,N,14.40985813,Y,Omisison-adjustment raster from NLCD,3
2014,81,900,38.33138053,0.2223945,0.009471876,,0,0,0,0,0,,N,0,N,Multiply probability by state adjustment ratio,2
2014,82,900,68.52706985,0.2223945,0.016933382,LETTUCE - ACRES HARVESTED,118,13.2,15.576,92.37748,143.62252,,N,6968.484076,Y,Omisison-adjustment raster from NLCD,3
2014,83,5996700,5989281.068,1481.814554,1479.981298,PUMPKINS - ACRES HARVESTED,3441,34.2,1176.822,1505.12781,5376.87219,,N,2.32502938,Y,Omisison-adjustment raster from NLCD,3
2014,84,3600,3600,0.889578,0.889578,"BLUEBERRIES, TAME - ACRES GROWN",327,57.4,187.698,18.23679,635.76321,,N,367.5900258,Y,Omisison-adjustment raster from NLCD,3
2014,85,0,0,0,0,"CABBAGE, HEAD - ACRES HARVESTED",NA,NA,NA,NA,NA,,NA,NA,NA,NA,4
2014,86,0,0,0,0,CAULIFLOWER - ACRES HARVESTED,15,14.7,2.205,11.372775,18.627225,,NA,NA,NA,NA,4
2014,87,0,0,0,0,CELERY - ACRES HARVESTED,NA,NA,NA,NA,NA,,NA,NA,NA,NA,4
2014,88,0,0,0,0,,0,0,0,0,0,,NA,NA,NA,NA,4
2014,89,0,0,0,0,TURNIPS - ACRES HARVESTED,NA,NA,NA,NA,NA,(H),NA,NA,NA,NA,4
2014,90,0,0,0,0,EGGPLANT - ACRES HARVESTED,224,15.4,34.496,167.25408,280.74592,,NA,NA,NA,NA,4
2014,91,0,0,0,0,,NA,NA,NA,NA,NA,,NA,NA,NA,NA,4
2014,92,0,0,0,0,,0,0,0,0,0,,NA,NA,NA,NA,4
2015,1,260892000,259559788.6,64467.71766,64138.52157,"CORN, GRAIN - ACRES HARVESTED; CORN, SILAGE - ACRES HARVESTED",97570,3.07707925,3002.306224,92631.20626,102508.7937,,N,1.521238682,Y,Omisison-adjustment raster from NLCD,3
2015,2,1118700,1118102.555,276.4363635,276.2887319,,0,0,0,0,0,,N,0,N,Multiply probability by state adjustment ratio,2
2015,3,13806000,13779886.71,3411.53163,3405.078905,RICE - ACRES HARVESTED,4211,10.2,429.522,3504.43631,4917.56369,,N,1.236682062,Y,Omisison-adjustment raster from NLCD,3
2015,4,1164600,1154607.952,287.778483,285.3093981,"SORGHUM, GRAIN - ACRES HARVESTED; SORGHUM, SILAGE - ACRES HARVESTED",1200,14.84658147,178.1589777,906.9284817,1493.071518,,N,4.205960295,Y,Omisison-adjustment raster from NLCD,3
2015,5,0,0,0,0,,0,0,0,0,0,,NA,NA,NA,NA,4
2015,6,136800,136515.9006,33.803964,33.73376162,SUNFLOWER - ACRES HARVESTED,NA,NA,NA,NA,NA,,NA,NA,NA,NA,6
2015,7,0,0,0,0,,0,0,0,0,0,,NA,NA,NA,NA,4
2015,8,0,0,0,0,,0,0,0,0,0,,NA,NA,NA,NA,4
2015,9,5929200,5878239.285,1465.134966,1452.542318,SWEET CORN - ACRES HARVESTED,2935,11.9,349.265,2360.459075,3509.540925,,N,2.020595175,Y,Omisison-adjustment raster from NLCD,3
2015,10,0,0,0,0,,0,0,0,0,0,,NA,NA,NA,NA,4
2015,11,0,0,0,0,,0,0,0,0,0,,NA,NA,NA,NA,4
2015,12,2479500,2461979.849,612.6968475,608.3675307,BARLEY - ACRES HARVESTED,716,33,236.28,327.3194,1104.6806,,Y,1.176920141,Y,NA,1
2015,13,193500,193500,47.8148175,47.8148175,"WHEAT, SPRING, DURUM - ACRES HARVESTED",NA,NA,NA,NA,NA,,NA,NA,NA,NA,6
2015,14,2489400,2425929.194,615.143187,599.4592335,"WHEAT, SPRING, (EXCL DURUM) - ACRES HARVESTED",NA,NA,NA,NA,NA,,NA,NA,NA,NA,6
2015,15,111836700,108294102.5,27635.40775,26760.01419,"WHEAT, WINTER - ACRES HARVESTED",24904,13.3,3312.232,19455.37836,30352.62164,,Y,0.930642257,N,NA,1
2015,16,0,0,0,0,,0,0,0,0,0,,NA,NA,NA,NA,4
2015,17,48600,47903.84569,12.009303,11.83727979,RYE - ACRES HARVESTED,NA,NA,NA,NA,NA,,NA,NA,NA,NA,6
2015,18,79425000,76856238.14,19626.31463,18991.56073,OATS - ACRES HARVESTED,1890,9.3,175.77,1600.85835,2179.14165,,N,0.099517887,N,Multiply probability by state adjustment ratio,2
2015,19,2700,2700,0.6671835,0.6671835,,0,0,0,0,0,,N,0,N,Multiply probability by state adjustment ratio,2
2015,20,0,0,0,0,,0,0,0,0,0,,NA,NA,NA,NA,4
2015,21,427500,0,105.6373875,0,,0,0,0,0,0,,NA,NA,NA,NA,5
2015,22,0,0,0,0,,0,0,0,0,0,,NA,NA,NA,NA,4
2015,23,19573200,19134771.46,4836.635586,4728.297701,SAFFLOWER - ACRES HARVESTED,3386,5.5,186.23,3079.65165,3692.34835,,N,0.716113962,N,Multiply probability by state adjustment ratio,2
2015,24,0,0,0,0,,0,0,0,0,0,,NA,NA,NA,NA,4
2015,25,0,0,0,0,,0,0,0,0,0,,NA,NA,NA,NA,4
2015,26,327326400,267203572.1,80883.99007,66027.33869,"HAY, ALFALFA - ACRES HARVESTED; HAYLAGE, ALFALFA - ACRES HARVESTED; LEGUMES, ALFALFA, SEED - ACRES HARVESTED",NA,NA,NA,NA,NA,,NA,NA,NA,NA,6
2015,27,714666600,451953555.5,176597.6902,111679.9833,"HAY, SMALL GRAIN - ACRES HARVESTED; HAY, TAME, (EXCL ALFALFA & SMALL GRAIN) - ACRES HARVESTED; HAY, WILD - ACRES HARVESTED; HAYLAGE, (EXCL ALFALFA) - ACRES HARVESTED",39876,7.770719817,3098.652234,34778.71707,44973.28293,,N,0.357055927,N,Multiply probability by state adjustment ratio,2
2015,28,0,0,0,0,,0,0,0,0,0,,NA,NA,NA,NA,4
2015,29,0,0,0,0,,0,0,0,0,0,,NA,NA,NA,NA,4
2015,30,0,0,0,0,,0,0,0,0,0,,NA,NA,NA,NA,4
2015,31,11043900,10988738.2,2729.00291,2715.372153,"BEANS, DRY EDIBLE, (EXCL LIMA), INCL CHICKPEAS - ACRES HARVESTED; BEANS, DRY EDIBLE, LIMA - ACRES HARVESTED",7032,27.99870551,1968.868972,3793.210541,10270.78946,,N,2.589700271,Y,Omisison-adjustment raster from NLCD,3
2015,32,11317500,11229724.5,2796.610838,2774.921074,POTATOES - ACRES HARVESTED,2952,13.5,398.52,2296.4346,3607.5654,,Y,1.063814041,Y,NA,1
2015,33,45900,43654.22521,11.3421195,10.78717732,,0,0,0,0,0,,N,0,N,Multiply probability by state adjustment ratio,2
2015,34,0,0,0,0,,0,0,0,0,0,,NA,NA,NA,NA,4
2015,35,33300,32719.9423,8.2285965,8.085261343,SWEET POTATOES - ACRES HARVESTED,NA,NA,NA,NA,NA,,NA,NA,NA,NA,6
2015,36,0,0,0,0,"BEANS, GREEN, LIMA - ACRES HARVESTED; BEANS, SNAP - ACRES HARVESTED; BEETS - ACRES HARVESTED; CHICORY - ACRES HARVESTED; BRUSSELS SPROUTS - ACRES HARVESTED; DAIKON - ACRES HARVESTED; ESCAROLE & ENDIVE - ACRES HARVESTED; OKRA - ACRES HARVESTED; SPINACH - ACRES HARVESTED; VEGETABLES, OTHER - ACRES HARVESTED",NA,NA,NA,NA,NA,,NA,NA,NA,NA,4
2015,37,4149000,4121249.673,1025.238645,1018.3814,"MELONS, WATERMELON - ACRES HARVESTED",3048,29.8,908.304,1553.83992,4542.16008,,N,2.992984749,Y,Omisison-adjustment raster from NLCD,3
2015,38,531900,520415.3749,131.4351495,128.5972412,"ONIONS, DRY - ACRES HARVESTED; ONIONS, GREEN - ACRES HARVESTED",NA,NA,NA,NA,NA,,NA,NA,NA,NA,6
2015,39,539100,522632.4072,133.2143055,129.145081,CUCUMBERS - ACRES HARVESTED,2848,60.3,1717.344,22.96912,5673.03088,,Y,22.0527176,Y,NA,1
2015,40,0,0,0,0,,0,0,0,0,0,,NA,NA,NA,NA,4
2015,41,0,0,0,0,,0,0,0,0,0,,NA,NA,NA,NA,4
2015,42,2177100,2160227.299,537.9722955,533.8029667,"PEAS, GREEN, (EXCL SOUTHERN) - ACRES HARVESTED; PEAS, GREEN, SOUTHERN (COWPEAS) - ACRES HARVESTED",NA,NA,NA,NA,NA,,NA,NA,NA,NA,6
2015,43,174724200,173832004.1,43175.22344,42954.75738,"TOMATOES, IN THE OPEN - ACRES HARVESTED",30942,7.8,2413.476,26971.83198,34912.16802,,N,0.720339303,N,Multiply probability by state adjustment ratio,2
2015,44,0,0,0,0,"BLACKBERRIES, INCL DEWBERRIES & MARIONBERRIES - ACRES GROWN; BOYSENBERRIES - ACRES GROWN; RASPBERRIES - ACRES GROWN",18,21.29295731,3.832732315,11.69515534,24.30484466,,NA,NA,NA,NA,4
2015,45,0,0,0,0,,0,0,0,0,0,,NA,NA,NA,NA,4
2015,46,542700,541995.5419,134.1038835,133.9298084,"HERBS, FRESH CUT - ACRES HARVESTED",12,17.2,2.064,8.60472,15.39528,,N,0.089599172,N,Multiply probability by state adjustment ratio,2
2015,47,2420100,2386779.722,598.0188105,589.7852031,,0,0,0,0,0,,N,0,N,Multiply probability by state adjustment ratio,2
2015,48,4609800,4544591.159,1139.104629,1122.991198,SOD - ACRES HARVESTED,NA,NA,NA,NA,NA,,NA,NA,NA,NA,6
2015,49,0,0,0,0,,0,0,0,0,0,,NA,NA,NA,NA,4
2015,50,154159200,142781214.5,38093.50912,35281.95201,"AG LAND, CROPLAND, (EXCL HARVESTED & PASTURED), CULTIVATED SUMMER FALLOW - ACRES; AG LAND, CROPLAND, (EXCL HARVESTED & PASTURED), IDLE - ACRES",19043,11.47993141,2186.123338,15446.82711,22639.17289,,N,0.539737711,N,Multiply probability by state adjustment ratio,2
2015,51,42054300,41683401.32,10391.8278,10300.17688,"CHERRIES, SWEET - ACRES BEARING & NON-BEARING",17468,21.9,3825.492,11175.06566,23760.93434,,N,1.695893206,Y,Omisison-adjustment raster from NLCD,3
2015,52,888300,888300,219.5033715,219.5033715,PEACHES - ACRES BEARING & NON-BEARING,2568,6.9,177.192,2276.51916,2859.48084,,N,11.69913693,Y,Omisison-adjustment raster from NLCD,3
2015,53,452700,425985.1929,111.8644335,105.2630711,APPLES - ACRES BEARING & NON-BEARING,1625,31.4,510.25,785.63875,2464.36125,,N,15.43751273,Y,Omisison-adjustment raster from NLCD,3
2015,54,442655100,434026890.1,109382.2885,107250.2147,GRAPES - ACRES BEARING & NON-BEARING,106753,6.5,6938.945,95338.43548,118167.5645,,Y,0.995363975,N,NA,1
2015,55,1800,1482.286243,0.444789,0.366280342,CHESTNUTS - ACRES BEARING & NON-BEARING; FIGS - ACRES BEARING & NON-BEARING; KIWIFRUIT - ACRES BEARING & NON-BEARING; PERSIMMONS - ACRES BEARING & NON-BEARING,NA,NA,NA,NA,NA,,NA,NA,NA,NA,6
2015,56,0,0,0,0,GRAPEFRUIT - ACRES BEARING & NON-BEARING; LEMONS - ACRES BEARING & NON-BEARING; TANGERINES - ACRES BEARING & NON-BEARING,187,6.080529977,11.37059106,168.2953777,205.7046223,,NA,NA,NA,NA,4
2015,57,996300,966355.0212,246.1907115,238.7911575,PECANS - ACRES BEARING & NON-BEARING,NA,NA,NA,NA,NA,,NA,NA,NA,NA,6
2015,58,242017200,237846974.7,59803.66021,58773.17669,ALMONDS - ACRES BEARING & NON-BEARING,54283,6,3256.98,48925.2679,59640.7321,,Y,0.9236016,N,NA,1
2015,59,300720600,291949671.1,74309.56386,72142.22348,"WALNUTS, ENGLISH - ACRES BEARING & NON-BEARING",48850,9.9,4836.15,40894.53325,56805.46675,,N,0.67713466,N,Multiply probability by state adjustment ratio,2
2015,60,627300,570410.0194,155.0089665,140.9511678,PEARS - ACRES BEARING & NON-BEARING,610,13.8,84.18,471.5239,748.4761,,N,4.32773995,Y,Omisison-adjustment raster from NLCD,3
2015,61,16200,16200,4.003101,4.003101,PISTACHIOS - ACRES BEARING & NON-BEARING,597,9,53.73,508.61415,685.38585,,N,149.1343836,Y,Omisison-adjustment raster from NLCD,3
2015,62,15041700,14832390.57,3716.879279,3665.157872,TRITICALE - ACRES HARVESTED,5787,9.7,561.339,4863.597345,6710.402655,,N,1.578922437,Y,Omisison-adjustment raster from NLCD,3
2015,63,1960200,1956386.464,484.375221,483.4328773,CARROTS - ACRES HARVESTED,103,30,30.9,52.1695,153.8305,,N,0.213059568,N,Multiply probability by state adjustment ratio,2
2015,64,2061900,0,509.5057995,0,ASPARAGUS - ACRES HARVESTED,4807,11.9,572.033,3866.005715,5747.994285,,NA,NA,NA,NA,5
2015,65,18900,18654.87195,4.6702845,4.609712133,GARLIC - ACRES HARVESTED,7,24.4,1.708,4.19034,9.80966,,Y,1.518533001,Y,NA,1
2015,66,0,0,0,0,"MELONS, CANTALOUP - ACRES HARVESTED",97,11.6,11.252,78.49046,115.50954,,NA,NA,NA,NA,4
2015,67,0,0,0,0,PRUNES - ACRES BEARING & NON-BEARING,2,20.2,0.404,1.33542,2.66458,,NA,NA,NA,NA,4
2015,68,10966500,10714097.68,2709.876983,2647.507106,OLIVES - ACRES BEARING & NON-BEARING,3104,20.5,636.32,2057.2536,4150.7464,,Y,1.172423671,Y,NA,1
2015,69,0,0,0,0,ORANGES - ACRES BEARING & NON-BEARING,726,6.3,45.738,650.76099,801.23901,,NA,NA,NA,NA,4
2015,70,0,0,0,0,,0,0,0,0,0,,NA,NA,NA,NA,4
2015,71,0,0,0,0,BROCCOLI - ACRES HARVESTED,94,12.6,11.844,74.51662,113.48338,,NA,NA,NA,NA,4
2015,72,0,0,0,0,AVOCADOS - ACRES BEARING & NON-BEARING,NA,NA,NA,NA,NA,,NA,NA,NA,NA,4
2015,73,9000,9000,2.223945,2.223945,"PEPPERS, BELL - ACRES HARVESTED; PEPPERS, CHILE - ACRES HARVESTED",NA,NA,NA,NA,NA,,NA,NA,NA,NA,6
2015,74,1525500,1445512.275,376.9586775,357.1933108,POMEGRANATES - ACRES BEARING & NON-BEARING,215,3.6,7.74,202.2677,227.7323,,N,0.601914967,N,Multiply probability by state adjustment ratio,2
2015,75,6300,30.38596466,1.5567615,0.007508524,NECTARINES - ACRES BEARING & NON-BEARING,16,10.2,1.632,13.31536,18.68464,,N,2130.911539,Y,Omisison-adjustment raster from NLCD,3
2015,76,0,0,0,0,"GREENS, COLLARD - ACRES HARVESTED; GREENS, KALE - ACRES HARVESTED; GREENS, MUSTARD - ACRES HARVESTED",NA,NA,NA,NA,NA,,NA,NA,NA,NA,4
2015,77,56700,48497.20672,14.0108535,11.98390227,"PLUM-APRICOT HYBRIDS, INCL PLUMCOTS & PLUOTS - ACRES BEARING & NON-BEARING; PLUMS - ACRES BEARING & NON-BEARING",22,10.77248657,2.369947046,18.10143711,25.89856289,,N,1.835796013,Y,Omisison-adjustment raster from NLCD,3
2015,78,5400,1935.69631,1.334367,0.478320237,STRAWBERRIES - ACRES GROWN,91,13.9,12.649,70.192395,111.807605,,N,190.2491114,Y,Omisison-adjustment raster from NLCD,3
2015,79,2007900,1986160.509,496.1621295,490.7901926,SQUASH - ACRES HARVESTED,1368,30.4,415.872,683.89056,2052.10944,,N,2.787341762,Y,Omisison-adjustment raster from NLCD,3
2015,80,0,0,0,0,APRICOTS - ACRES BEARING & NON-BEARING,752,20.3,152.656,500.88088,1003.11912,,NA,NA,NA,NA,4
2015,81,0,0,0,0,,0,0,0,0,0,,NA,NA,NA,NA,4
2015,82,12600,10020.70514,3.113523,2.476166342,LETTUCE - ACRES HARVESTED,118,13.2,15.576,92.37748,143.62252,,N,47.65431061,Y,Omisison-adjustment raster from NLCD,3
2015,83,2218500,2208860.489,548.2024425,545.820471,PUMPKINS - ACRES HARVESTED,3441,34.2,1176.822,1505.12781,5376.87219,,N,6.304270695,Y,Omisison-adjustment raster from NLCD,3
2015,84,3600,3600,0.889578,0.889578,"BLUEBERRIES, TAME - ACRES GROWN",327,57.4,187.698,18.23679,635.76321,,N,367.5900258,Y,Omisison-adjustment raster from NLCD,3
2015,85,0,0,0,0,"CABBAGE, HEAD - ACRES HARVESTED",NA,NA,NA,NA,NA,,NA,NA,NA,NA,4
2015,86,0,0,0,0,CAULIFLOWER - ACRES HARVESTED,15,14.7,2.205,11.372775,18.627225,,NA,NA,NA,NA,4
2015,87,0,0,0,0,CELERY - ACRES HARVESTED,NA,NA,NA,NA,NA,,NA,NA,NA,NA,4
2015,88,0,0,0,0,,0,0,0,0,0,,NA,NA,NA,NA,4
2015,89,0,0,0,0,TURNIPS - ACRES HARVESTED,NA,NA,NA,NA,NA,(H),NA,NA,NA,NA,4
2015,90,0,0,0,0,EGGPLANT - ACRES HARVESTED,224,15.4,34.496,167.25408,280.74592,,NA,NA,NA,NA,4
2015,91,0,0,0,0,,NA,NA,NA,NA,NA,,NA,NA,NA,NA,4
2015,92,0,0,0,0,,0,0,0,0,0,,NA,NA,NA,NA,4
2016,1,217763100,217031537.1,53810.35083,53629.57796,"CORN, GRAIN - ACRES HARVESTED; CORN, SILAGE - ACRES HARVESTED",97570,3.07707925,3002.306224,92631.20626,102508.7937,,N,1.819331863,Y,Omisison-adjustment raster from NLCD,3
2016,2,1346400,1335783.896,332.702172,330.0788797,,0,0,0,0,0,,N,0,N,Multiply probability by state adjustment ratio,2
2016,3,15053400,15051185.94,3719.770407,3719.223303,RICE - ACRES HARVESTED,4211,10.2,429.522,3504.43631,4917.56369,,Y,1.132225644,Y,NA,1
2016,4,16613100,16433308.26,4105.180076,4060.752637,"SORGHUM, GRAIN - ACRES HARVESTED; SORGHUM, SILAGE - ACRES HARVESTED",1200,14.84658147,178.1589777,906.9284817,1493.071518,,N,0.295511721,N,Multiply probability by state adjustment ratio,2
2016,5,0,0,0,0,,0,0,0,0,0,,NA,NA,NA,NA,4
2016,6,612000,598157.8007,151.22826,147.8077834,SUNFLOWER - ACRES HARVESTED,NA,NA,NA,NA,NA,,NA,NA,NA,NA,6
2016,7,0,0,0,0,,0,0,0,0,0,,NA,NA,NA,NA,4
2016,8,0,0,0,0,,0,0,0,0,0,,NA,NA,NA,NA,4
2016,9,3295800,3259741.464,814.408659,805.4984144,SWEET CORN - ACRES HARVESTED,2935,11.9,349.265,2360.459075,3509.540925,,N,3.643706738,Y,Omisison-adjustment raster from NLCD,3
2016,10,5400,5252.333122,1.334367,1.297877776,,0,0,0,0,0,,N,0,N,Multiply probability by state adjustment ratio,2
2016,11,0,0,0,0,,0,0,0,0,0,,NA,NA,NA,NA,4
2016,12,450000,319940.9027,111.19725,79.05899676,BARLEY - ACRES HARVESTED,716,33,236.28,327.3194,1104.6806,,N,9.056527775,Y,Omisison-adjustment raster from NLCD,3
2016,13,900,900,0.2223945,0.2223945,"WHEAT, SPRING, DURUM - ACRES HARVESTED",NA,NA,NA,NA,NA,,NA,NA,NA,NA,6
2016,14,1622700,1616802.47,400.9772835,399.5199743,"WHEAT, SPRING, (EXCL DURUM) - ACRES HARVESTED",NA,NA,NA,NA,NA,,NA,NA,NA,NA,6
2016,15,120019500,117443264.9,29657.41855,29020.81797,"WHEAT, WINTER - ACRES HARVESTED",24904,13.3,3312.232,19455.37836,30352.62164,,Y,0.858142594,N,NA,1
2016,16,0,0,0,0,,0,0,0,0,0,,NA,NA,NA,NA,4
2016,17,87300,87092.55651,21.5722665,21.52100618,RYE - ACRES HARVESTED,NA,NA,NA,NA,NA,,NA,NA,NA,NA,6
2016,18,54803700,54208425.77,13542.26829,13395.17305,OATS - ACRES HARVESTED,1890,9.3,175.77,1600.85835,2179.14165,,N,0.141095602,N,Multiply probability by state adjustment ratio,2
2016,19,0,0,0,0,,0,0,0,0,0,,NA,NA,NA,NA,4
2016,20,0,0,0,0,,0,0,0,0,0,,NA,NA,NA,NA,4
2016,21,226800,225000,56.043414,55.598625,,0,0,0,0,0,,N,0,N,Multiply probability by state adjustment ratio,2
2016,22,0,0,0,0,,0,0,0,0,0,,NA,NA,NA,NA,4
2016,23,44659800,44431576.18,11035.65988,10979.26463,SAFFLOWER - ACRES HARVESTED,3386,5.5,186.23,3079.65165,3692.34835,,N,0.308399525,N,Multiply probability by state adjustment ratio,2
2016,24,0,0,0,0,,0,0,0,0,0,,NA,NA,NA,NA,4
2016,25,0,0,0,0,,0,0,0,0,0,,NA,NA,NA,NA,4
2016,26,312941700,269972893.7,77329.45878,66711.6519,"HAY, ALFALFA - ACRES HARVESTED; HAYLAGE, ALFALFA - ACRES HARVESTED; LEGUMES, ALFALFA, SEED - ACRES HARVESTED",NA,NA,NA,NA,NA,,NA,NA,NA,NA,6
2016,27,713680200,460547340.1,176353.9458,113803.5505,"HAY, SMALL GRAIN - ACRES HARVESTED; HAY, TAME, (EXCL ALFALFA & SMALL GRAIN) - ACRES HARVESTED; HAY, WILD - ACRES HARVESTED; HAYLAGE, (EXCL ALFALFA) - ACRES HARVESTED",39876,7.770719817,3098.652234,34778.71707,44973.28293,,N,0.350393286,N,Multiply probability by state adjustment ratio,2
2016,28,0,0,0,0,,0,0,0,0,0,,NA,NA,NA,NA,4
2016,29,0,0,0,0,,0,0,0,0,0,,NA,NA,NA,NA,4
2016,30,0,0,0,0,,0,0,0,0,0,,NA,NA,NA,NA,4
2016,31,29715300,29446713.19,7342.799207,7276.430063,"BEANS, DRY EDIBLE, (EXCL LIMA), INCL CHICKPEAS - ACRES HARVESTED; BEANS, DRY EDIBLE, LIMA - ACRES HARVESTED",7032,27.99870551,1968.868972,3793.210541,10270.78946,,Y,0.966407969,N,NA,1
2016,32,101700,100896.3259,25.1305785,24.93198661,POTATOES - ACRES HARVESTED,2952,13.5,398.52,2296.4346,3607.5654,,N,118.4021172,Y,Omisison-adjustment raster from NLCD,3
2016,33,256500,243257.3129,63.3824325,60.11009829,,0,0,0,0,0,,N,0,N,Multiply probability by state adjustment ratio,2
2016,34,0,0,0,0,,0,0,0,0,0,,NA,NA,NA,NA,4
2016,35,71100,71100,17.5691655,17.5691655,SWEET POTATOES - ACRES HARVESTED,NA,NA,NA,NA,NA,,NA,NA,NA,NA,6
2016,36,0,0,0,0,"BEANS, GREEN, LIMA - ACRES HARVESTED; BEANS, SNAP - ACRES HARVESTED; BEETS - ACRES HARVESTED; CHICORY - ACRES HARVESTED; BRUSSELS SPROUTS - ACRES HARVESTED; DAIKON - ACRES HARVESTED; ESCAROLE & ENDIVE - ACRES HARVESTED; OKRA - ACRES HARVESTED; SPINACH - ACRES HARVESTED; VEGETABLES, OTHER - ACRES HARVESTED",NA,NA,NA,NA,NA,,NA,NA,NA,NA,4
2016,37,4086000,4064807.065,1009.67103,1004.43415,"MELONS, WATERMELON - ACRES HARVESTED",3048,29.8,908.304,1553.83992,4542.16008,,N,3.034544376,Y,Omisison-adjustment raster from NLCD,3
2016,38,1211400,1205627.827,299.342997,297.9166641,"ONIONS, DRY - ACRES HARVESTED; ONIONS, GREEN - ACRES HARVESTED",NA,NA,NA,NA,NA,,NA,NA,NA,NA,6
2016,39,6101100,6093134.359,1507.612316,1505.643966,CUCUMBERS - ACRES HARVESTED,2848,60.3,1717.344,22.96912,5673.03088,,Y,1.89154944,Y,NA,1
2016,40,0,0,0,0,,0,0,0,0,0,,NA,NA,NA,NA,4
2016,41,0,0,0,0,,0,0,0,0,0,,NA,NA,NA,NA,4
2016,42,7315200,7213046.103,1807.622496,1782.379757,"PEAS, GREEN, (EXCL SOUTHERN) - ACRES HARVESTED; PEAS, GREEN, SOUTHERN (COWPEAS) - ACRES HARVESTED",NA,NA,NA,NA,NA,,NA,NA,NA,NA,6
2016,43,145040400,144051345.8,35840.20804,35595.8078,"TOMATOES, IN THE OPEN - ACRES HARVESTED",30942,7.8,2413.476,26971.83198,34912.16802,,N,0.869259666,N,Multiply probability by state adjustment ratio,2
2016,44,0,0,0,0,"BLACKBERRIES, INCL DEWBERRIES & MARIONBERRIES - ACRES GROWN; BOYSENBERRIES - ACRES GROWN; RASPBERRIES - ACRES GROWN",18,21.29295731,3.832732315,11.69515534,24.30484466,,NA,NA,NA,NA,4
2016,45,0,0,0,0,,0,0,0,0,0,,NA,NA,NA,NA,4
2016,46,1157400,1146950.544,285.999327,283.4172141,"HERBS, FRESH CUT - ACRES HARVESTED",12,17.2,2.064,8.60472,15.39528,,N,0.042340406,N,Multiply probability by state adjustment ratio,2
2016,47,6931800,6865596.035,1712.882439,1696.523108,,0,0,0,0,0,,N,0,N,Multiply probability by state adjustment ratio,2
2016,48,29700,29700,7.3390185,7.3390185,SOD - ACRES HARVESTED,NA,NA,NA,NA,NA,,NA,NA,NA,NA,6
2016,49,0,0,0,0,,0,0,0,0,0,,NA,NA,NA,NA,4
2016,50,153666000,141838446.3,37971.63693,35048.98928,"AG LAND, CROPLAND, (EXCL HARVESTED & PASTURED), CULTIVATED SUMMER FALLOW - ACRES; AG LAND, CROPLAND, (EXCL HARVESTED & PASTURED), IDLE - ACRES",19043,11.47993141,2186.123338,15446.82711,22639.17289,,N,0.543325225,N,Multiply probability by state adjustment ratio,2
2016,51,16253100,16077405.92,4016.222276,3972.807389,"CHERRIES, SWEET - ACRES BEARING & NON-BEARING",17468,21.9,3825.492,11175.06566,23760.93434,,N,4.396890735,Y,Omisison-adjustment raster from NLCD,3
2016,52,1539900,1526386.705,380.5169895,377.1777868,PEACHES - ACRES BEARING & NON-BEARING,2568,6.9,177.192,2276.51916,2859.48084,,N,6.808460333,Y,Omisison-adjustment raster from NLCD,3
2016,53,37800,37800,9.340569,9.340569,APPLES - ACRES BEARING & NON-BEARING,1625,31.4,510.25,785.63875,2464.36125,,N,173.9722709,Y,Omisison-adjustment raster from NLCD,3
2016,54,421956900,415109763,104267.6598,102575.698,GRAPES - ACRES BEARING & NON-BEARING,106753,6.5,6938.945,95338.43548,118167.5645,,Y,1.040724091,Y,NA,1
2016,55,5400,5025.075921,1.334367,1.241721386,CHESTNUTS - ACRES BEARING & NON-BEARING; FIGS - ACRES BEARING & NON-BEARING; KIWIFRUIT - ACRES BEARING & NON-BEARING; PERSIMMONS - ACRES BEARING & NON-BEARING,NA,NA,NA,NA,NA,,NA,NA,NA,NA,6
2016,56,0,0,0,0,GRAPEFRUIT - ACRES BEARING & NON-BEARING; LEMONS - ACRES BEARING & NON-BEARING; TANGERINES - ACRES BEARING & NON-BEARING,187,6.080529977,11.37059106,168.2953777,205.7046223,,NA,NA,NA,NA,4
2016,57,17100,17100,4.2254955,4.2254955,PECANS - ACRES BEARING & NON-BEARING,NA,NA,NA,NA,NA,,NA,NA,NA,NA,6
2016,58,306183600,301703314,75659.49848,74552.3974,ALMONDS - ACRES BEARING & NON-BEARING,54283,6,3256.98,48925.2679,59640.7321,,N,0.728118771,N,Multiply probability by state adjustment ratio,2
2016,59,317305800,313780653.2,78407.84971,77536.7683,"WALNUTS, ENGLISH - ACRES BEARING & NON-BEARING",48850,9.9,4836.15,40894.53325,56805.46675,,N,0.630023679,N,Multiply probability by state adjustment ratio,2
2016,60,2870100,2796669.138,709.2160605,691.0709273,PEARS - ACRES BEARING & NON-BEARING,610,13.8,84.18,471.5239,748.4761,,Y,0.882687979,N,NA,1
2016,61,37800,35877.83218,9.340569,8.86559172,PISTACHIOS - ACRES BEARING & NON-BEARING,597,9,53.73,508.61415,685.38585,,N,67.33899088,Y,Omisison-adjustment raster from NLCD,3
2016,62,22766400,22517812.18,5625.691272,5564.263978,TRITICALE - ACRES HARVESTED,5787,9.7,561.339,4863.597345,6710.402655,,Y,1.040029737,Y,NA,1
2016,63,363600,363600,89.847378,89.847378,CARROTS - ACRES HARVESTED,103,30,30.9,52.1695,153.8305,,Y,1.14638849,Y,NA,1
2016,64,766800,756421.918,189.480114,186.915638,ASPARAGUS - ACRES HARVESTED,4807,11.9,572.033,3866.005715,5747.994285,,N,25.71748437,Y,Omisison-adjustment raster from NLCD,3
2016,65,305100,302749.6569,75.3917355,74.81095396,GARLIC - ACRES HARVESTED,7,24.4,1.708,4.19034,9.80966,,N,0.093569185,N,Multiply probability by state adjustment ratio,2
2016,66,4134600,4072772.285,1021.680333,1006.402396,"MELONS, CANTALOUP - ACRES HARVESTED",97,11.6,11.252,78.49046,115.50954,,N,0.096382918,N,Multiply probability by state adjustment ratio,2
2016,67,0,0,0,0,PRUNES - ACRES BEARING & NON-BEARING,2,20.2,0.404,1.33542,2.66458,,NA,NA,NA,NA,4
2016,68,10150200,9913763.965,2508.165171,2449.740645,OLIVES - ACRES BEARING & NON-BEARING,3104,20.5,636.32,2057.2536,4150.7464,,Y,1.267072907,Y,NA,1
2016,69,0,0,0,0,ORANGES - ACRES BEARING & NON-BEARING,726,6.3,45.738,650.76099,801.23901,,NA,NA,NA,NA,4
2016,70,4500,4500,1.1119725,1.1119725,,0,0,0,0,0,,N,0,N,Multiply probability by state adjustment ratio,2
2016,71,0,0,0,0,BROCCOLI - ACRES HARVESTED,94,12.6,11.844,74.51662,113.48338,,NA,NA,NA,NA,4
2016,72,0,0,0,0,AVOCADOS - ACRES BEARING & NON-BEARING,NA,NA,NA,NA,NA,,NA,NA,NA,NA,4
2016,73,1489500,1457438.779,368.0628975,360.1404095,"PEPPERS, BELL - ACRES HARVESTED; PEPPERS, CHILE - ACRES HARVESTED",NA,NA,NA,NA,NA,,NA,NA,NA,NA,6
2016,74,91800,87048.07457,22.684239,21.51001447,POMEGRANATES - ACRES BEARING & NON-BEARING,215,3.6,7.74,202.2677,227.7323,,N,9.995344278,Y,Omisison-adjustment raster from NLCD,3
2016,75,0,0,0,0,NECTARINES - ACRES BEARING & NON-BEARING,16,10.2,1.632,13.31536,18.68464,,NA,NA,NA,NA,4
2016,76,0,0,0,0,"GREENS, COLLARD - ACRES HARVESTED; GREENS, KALE - ACRES HARVESTED; GREENS, MUSTARD - ACRES HARVESTED",NA,NA,NA,NA,NA,,NA,NA,NA,NA,4
2016,77,63900,62818.69144,15.7900095,15.52281275,"PLUM-APRICOT HYBRIDS, INCL PLUMCOTS & PLUOTS - ACRES BEARING & NON-BEARING; PLUMS - ACRES BEARING & NON-BEARING",22,10.77248657,2.369947046,18.10143711,25.89856289,,N,1.417268916,Y,Omisison-adjustment raster from NLCD,3
2016,78,143100,66385.26465,35.3607255,16.40413082,STRAWBERRIES - ACRES GROWN,91,13.9,12.649,70.192395,111.807605,,N,5.547383216,Y,Omisison-adjustment raster from NLCD,3
2016,79,1033200,1032781.496,255.308886,255.2054716,SQUASH - ACRES HARVESTED,1368,30.4,415.872,683.89056,2052.10944,,N,5.360386638,Y,Omisison-adjustment raster from NLCD,3
2016,80,0,0,0,0,APRICOTS - ACRES BEARING & NON-BEARING,752,20.3,152.656,500.88088,1003.11912,,NA,NA,NA,NA,4
2016,81,67500,67500,16.6795875,16.6795875,,0,0,0,0,0,,N,0,N,Multiply probability by state adjustment ratio,2
2016,82,900,126.3270847,0.2223945,0.031216054,LETTUCE - ACRES HARVESTED,118,13.2,15.576,92.37748,143.62252,,N,3780.106192,Y,Omisison-adjustment raster from NLCD,3
2016,83,6147900,6120653.08,1519.17683,1512.443979,PUMPKINS - ACRES HARVESTED,3441,34.2,1176.822,1505.12781,5376.87219,,Y,2.275125589,Y,NA,1
2016,84,224100,220879.1018,55.3762305,54.58033045,"BLUEBERRIES, TAME - ACRES GROWN",327,57.4,187.698,18.23679,635.76321,,Y,5.991169297,Y,NA,1
2016,85,14400,5125.014347,3.558312,1.26641667,"CABBAGE, HEAD - ACRES HARVESTED",NA,NA,NA,NA,NA,,NA,NA,NA,NA,6
2016,86,0,0,0,0,CAULIFLOWER - ACRES HARVESTED,15,14.7,2.205,11.372775,18.627225,,NA,NA,NA,NA,4
2016,87,0,0,0,0,CELERY - ACRES HARVESTED,NA,NA,NA,NA,NA,,NA,NA,NA,NA,4
2016,88,0,0,0,0,,0,0,0,0,0,,NA,NA,NA,NA,4
2016,89,0,0,0,0,TURNIPS - ACRES HARVESTED,NA,NA,NA,NA,NA,(H),NA,NA,NA,NA,4
2016,90,0,0,0,0,EGGPLANT - ACRES HARVESTED,224,15.4,34.496,167.25408,280.74592,,NA,NA,NA,NA,4
2016,91,0,0,0,0,,NA,NA,NA,NA,NA,,NA,NA,NA,NA,4
2016,92,0,0,0,0,,0,0,0,0,0,,NA,NA,NA,NA,4
2017,1,179927100,178704397.5,44460.88605,44158.75015,"CORN, GRAIN - ACRES HARVESTED; CORN, SILAGE - ACRES HARVESTED",97570,3.07707925,3002.306224,92631.20626,102508.7937,,N,2.209528115,Y,Omisison-adjustment raster from NLCD,3
2017,2,13500,13500,3.3359175,3.3359175,,0,0,0,0,0,,N,0,N,Multiply probability by state adjustment ratio,2
2017,3,16114500,16101397.39,3981.973523,3978.735803,RICE - ACRES HARVESTED,4211,10.2,429.522,3504.43631,4917.56369,,Y,1.058376381,Y,NA,1
2017,4,4027500,4005719.762,995.2153875,989.8333819,"SORGHUM, GRAIN - ACRES HARVESTED; SORGHUM, SILAGE - ACRES HARVESTED",1200,14.84658147,178.1589777,906.9284817,1493.071518,,Y,1.212325248,Y,NA,1
2017,5,0,0,0,0,,0,0,0,0,0,,NA,NA,NA,NA,4
2017,6,3352500,3146855.426,828.4195125,777.6037102,SUNFLOWER - ACRES HARVESTED,NA,NA,NA,NA,NA,,NA,NA,NA,NA,6
2017,7,0,0,0,0,,0,0,0,0,0,,NA,NA,NA,NA,4
2017,8,0,0,0,0,,0,0,0,0,0,,NA,NA,NA,NA,4
2017,9,0,0,0,0,SWEET CORN - ACRES HARVESTED,2935,11.9,349.265,2360.459075,3509.540925,,NA,NA,NA,NA,4
2017,10,8100,8100,2.0015505,2.0015505,,0,0,0,0,0,,N,0,N,Multiply probability by state adjustment ratio,2
2017,11,0,0,0,0,,0,0,0,0,0,,NA,NA,NA,NA,4
2017,12,2196900,2153535.685,542.8649745,532.1494354,BARLEY - ACRES HARVESTED,716,33,236.28,327.3194,1104.6806,,Y,1.345486723,Y,NA,1
2017,13,0,0,0,0,"WHEAT, SPRING, DURUM - ACRES HARVESTED",NA,NA,NA,NA,NA,,NA,NA,NA,NA,4
2017,14,21600,21600,5.337468,5.337468,"WHEAT, SPRING, (EXCL DURUM) - ACRES HARVESTED",NA,NA,NA,NA,NA,,NA,NA,NA,NA,6
2017,15,153631800,148931179.1,37963.18594,36801.63901,"WHEAT, WINTER - ACRES HARVESTED",24904,13.3,3312.232,19455.37836,30352.62164,,N,0.676708991,N,Multiply probability by state adjustment ratio,2
2017,16,0,0,0,0,,0,0,0,0,0,,NA,NA,NA,NA,4
2017,17,318600,317810.7305,78.727653,78.53262055,RYE - ACRES HARVESTED,NA,NA,NA,NA,NA,,NA,NA,NA,NA,6
2017,18,68274000,66896170.36,16870.84677,16530.37818,OATS - ACRES HARVESTED,1890,9.3,175.77,1600.85835,2179.14165,,N,0.114334952,N,Multiply probability by state adjustment ratio,2
2017,19,0,0,0,0,,0,0,0,0,0,,NA,NA,NA,NA,4
2017,20,0,0,0,0,,0,0,0,0,0,,NA,NA,NA,NA,4
2017,21,0,0,0,0,,0,0,0,0,0,,NA,NA,NA,NA,4
2017,22,0,0,0,0,,0,0,0,0,0,,NA,NA,NA,NA,4
2017,23,56858400,55854523.08,14049.99493,13801.93193,SAFFLOWER - ACRES HARVESTED,3386,5.5,186.23,3079.65165,3692.34835,,N,0.245327974,N,Multiply probability by state adjustment ratio,2
2017,24,0,0,0,0,,0,0,0,0,0,,NA,NA,NA,NA,4
2017,25,0,0,0,0,,0,0,0,0,0,,NA,NA,NA,NA,4
2017,26,395152200,299659634.7,97644.08438,74047.39403,"HAY, ALFALFA - ACRES HARVESTED; HAYLAGE, ALFALFA - ACRES HARVESTED; LEGUMES, ALFALFA, SEED - ACRES HARVESTED",NA,NA,NA,NA,NA,,NA,NA,NA,NA,6
2017,27,724569300,453190361.5,179044.6969,111985.6043,"HAY, SMALL GRAIN - ACRES HARVESTED; HAY, TAME, (EXCL ALFALFA & SMALL GRAIN) - ACRES HARVESTED; HAY, WILD - ACRES HARVESTED; HAYLAGE, (EXCL ALFALFA) - ACRES HARVESTED",39876,7.770719817,3098.652234,34778.71707,44973.28293,,N,0.356081483,N,Multiply probability by state adjustment ratio,2
2017,28,0,0,0,0,,0,0,0,0,0,,NA,NA,NA,NA,4
2017,29,0,0,0,0,,0,0,0,0,0,,NA,NA,NA,NA,4
2017,30,0,0,0,0,,0,0,0,0,0,,NA,NA,NA,NA,4
2017,31,3462300,3441936.059,855.5516415,850.5196099,"BEANS, DRY EDIBLE, (EXCL LIMA), INCL CHICKPEAS - ACRES HARVESTED; BEANS, DRY EDIBLE, LIMA - ACRES HARVESTED",7032,27.99870551,1968.868972,3793.210541,10270.78946,,N,8.26788697,Y,Omisison-adjustment raster from NLCD,3
2017,32,0,0,0,0,POTATOES - ACRES HARVESTED,2952,13.5,398.52,2296.4346,3607.5654,,NA,NA,NA,NA,4
2017,33,711900,704249.4666,175.9140495,174.0235644,,0,0,0,0,0,,N,0,N,Multiply probability by state adjustment ratio,2
2017,34,0,0,0,0,,0,0,0,0,0,,NA,NA,NA,NA,4
2017,35,0,0,0,0,SWEET POTATOES - ACRES HARVESTED,NA,NA,NA,NA,NA,,NA,NA,NA,NA,4
2017,36,193500,0,47.8148175,0,"BEANS, GREEN, LIMA - ACRES HARVESTED; BEANS, SNAP - ACRES HARVESTED; BEETS - ACRES HARVESTED; CHICORY - ACRES HARVESTED; BRUSSELS SPROUTS - ACRES HARVESTED; DAIKON - ACRES HARVESTED; ESCAROLE & ENDIVE - ACRES HARVESTED; OKRA - ACRES HARVESTED; SPINACH - ACRES HARVESTED; VEGETABLES, OTHER - ACRES HARVESTED",NA,NA,NA,NA,NA,,NA,NA,NA,NA,5
2017,37,15962400,15883570.44,3944.388852,3924.909673,"MELONS, WATERMELON - ACRES HARVESTED",3048,29.8,908.304,1553.83992,4542.16008,,Y,0.776578381,N,NA,1
2017,38,6375600,6305762.859,1575.442638,1558.185531,"ONIONS, DRY - ACRES HARVESTED; ONIONS, GREEN - ACRES HARVESTED",NA,NA,NA,NA,NA,,NA,NA,NA,NA,6
2017,39,8220600,8126459.913,2031.351363,2008.088877,CUCUMBERS - ACRES HARVESTED,2848,60.3,1717.344,22.96912,5673.03088,,Y,1.418263919,Y,NA,1
2017,40,0,0,0,0,,0,0,0,0,0,,NA,NA,NA,NA,4
2017,41,0,0,0,0,,0,0,0,0,0,,NA,NA,NA,NA,4
2017,42,1243800,0,307.349199,0,"PEAS, GREEN, (EXCL SOUTHERN) - ACRES HARVESTED; PEAS, GREEN, SOUTHERN (COWPEAS) - ACRES HARVESTED",NA,NA,NA,NA,NA,,NA,NA,NA,NA,5
2017,43,20624400,20482859.05,5096.392362,5061.416885,"TOMATOES, IN THE OPEN - ACRES HARVESTED",30942,7.8,2413.476,26971.83198,34912.16802,,N,6.113307934,Y,Omisison-adjustment raster from NLCD,3
2017,44,0,0,0,0,"BLACKBERRIES, INCL DEWBERRIES & MARIONBERRIES - ACRES GROWN; BOYSENBERRIES - ACRES GROWN; RASPBERRIES - ACRES GROWN",18,21.29295731,3.832732315,11.69515534,24.30484466,,NA,NA,NA,NA,4
2017,45,0,0,0,0,,0,0,0,0,0,,NA,NA,NA,NA,4
2017,46,374400,367488.5924,92.516112,90.80826863,"HERBS, FRESH CUT - ACRES HARVESTED",12,17.2,2.064,8.60472,15.39528,,N,0.132146556,N,Multiply probability by state adjustment ratio,2
2017,47,3137400,3094185.8,775.267227,764.5887822,,0,0,0,0,0,,N,0,N,Multiply probability by state adjustment ratio,2
2017,48,4971600,4924754.384,1228.507218,1216.931432,SOD - ACRES HARVESTED,NA,NA,NA,NA,NA,,NA,NA,NA,NA,6
2017,49,0,0,0,0,,0,0,0,0,0,,NA,NA,NA,NA,4
2017,50,117656100,110912357.2,29073.41059,27406.99803,"AG LAND, CROPLAND, (EXCL HARVESTED & PASTURED), CULTIVATED SUMMER FALLOW - ACRES; AG LAND, CROPLAND, (EXCL HARVESTED & PASTURED), IDLE - ACRES",19043,11.47993141,2186.123338,15446.82711,22639.17289,,N,0.694822541,N,Multiply probability by state adjustment ratio,2
2017,51,37650600,36099501.25,9303.651513,8920.367256,"CHERRIES, SWEET - ACRES BEARING & NON-BEARING",17468,21.9,3825.492,11175.06566,23760.93434,,N,1.95821534,Y,Omisison-adjustment raster from NLCD,3
2017,52,333900,329122.0605,82.5083595,81.32770677,PEACHES - ACRES BEARING & NON-BEARING,2568,6.9,177.192,2276.51916,2859.48084,,N,31.57595489,Y,Omisison-adjustment raster from NLCD,3
2017,53,70200,0,17.346771,0,APPLES - ACRES BEARING & NON-BEARING,1625,31.4,510.25,785.63875,2464.36125,,NA,NA,NA,NA,5
2017,54,364601700,360733809.7,90094.90308,89139.12803,GRAPES - ACRES BEARING & NON-BEARING,106753,6.5,6938.945,95338.43548,118167.5645,,N,1.197599779,Y,Omisison-adjustment raster from NLCD,3
2017,55,11700,10191.54074,2.8911285,2.518380673,CHESTNUTS - ACRES BEARING & NON-BEARING; FIGS - ACRES BEARING & NON-BEARING; KIWIFRUIT - ACRES BEARING & NON-BEARING; PERSIMMONS - ACRES BEARING & NON-BEARING,NA,NA,NA,NA,NA,,NA,NA,NA,NA,6
2017,56,0,0,0,0,GRAPEFRUIT - ACRES BEARING & NON-BEARING; LEMONS - ACRES BEARING & NON-BEARING; TANGERINES - ACRES BEARING & NON-BEARING,187,6.080529977,11.37059106,168.2953777,205.7046223,,NA,NA,NA,NA,4
2017,57,72900,72900,18.0139545,18.0139545,PECANS - ACRES BEARING & NON-BEARING,NA,NA,NA,NA,NA,,NA,NA,NA,NA,6
2017,58,270065700,268472537.4,66734.5848,66340.90634,ALMONDS - ACRES BEARING & NON-BEARING,54283,6,3256.98,48925.2679,59640.7321,,N,0.818243268,N,Multiply probability by state adjustment ratio,2
2017,59,450639000,436986557.9,111355.1501,107981.5634,"WALNUTS, ENGLISH - ACRES BEARING & NON-BEARING",48850,9.9,4836.15,40894.53325,56805.46675,,N,0.452392042,N,Multiply probability by state adjustment ratio,2
2017,60,1385100,1224628.646,342.2651355,302.6118615,PEARS - ACRES BEARING & NON-BEARING,610,13.8,84.18,471.5239,748.4761,,N,2.015783509,Y,Omisison-adjustment raster from NLCD,3
2017,61,93600,67334.92734,23.129028,16.63879722,PISTACHIOS - ACRES BEARING & NON-BEARING,597,9,53.73,508.61415,685.38585,,N,35.87999734,Y,Omisison-adjustment raster from NLCD,3
2017,62,12760200,12336801.62,3153.109221,3048.485364,TRITICALE - ACRES HARVESTED,5787,9.7,561.339,4863.597345,6710.402655,,N,1.898319758,Y,Omisison-adjustment raster from NLCD,3
2017,63,1583100,1550353.911,391.1919255,383.1002032,CARROTS - ACRES HARVESTED,103,30,30.9,52.1695,153.8305,,N,0.268859163,N,Multiply probability by state adjustment ratio,2
2017,64,0,0,0,0,ASPARAGUS - ACRES HARVESTED,4807,11.9,572.033,3866.005715,5747.994285,,NA,NA,NA,NA,4
2017,65,212400,212219.9714,52.485102,52.44061604,GARLIC - ACRES HARVESTED,7,24.4,1.708,4.19034,9.80966,,N,0.133484321,N,Multiply probability by state adjustment ratio,2
2017,66,6232500,6170243.091,1540.081913,1524.697919,"MELONS, CANTALOUP - ACRES HARVESTED",97,11.6,11.252,78.49046,115.50954,,N,0.063619159,N,Multiply probability by state adjustment ratio,2
2017,67,0,0,0,0,PRUNES - ACRES BEARING & NON-BEARING,2,20.2,0.404,1.33542,2.66458,,NA,NA,NA,NA,4
2017,68,33696000,31639473.49,8326.45008,7818.272097,OLIVES - ACRES BEARING & NON-BEARING,3104,20.5,636.32,2057.2536,4150.7464,,N,0.397018671,N,Multiply probability by state adjustment ratio,2
2017,69,0,0,0,0,ORANGES - ACRES BEARING & NON-BEARING,726,6.3,45.738,650.76099,801.23901,,NA,NA,NA,NA,4
2017,70,4500,4500,1.1119725,1.1119725,,0,0,0,0,0,,N,0,N,Multiply probability by state adjustment ratio,2
2017,71,0,0,0,0,BROCCOLI - ACRES HARVESTED,94,12.6,11.844,74.51662,113.48338,,NA,NA,NA,NA,4
2017,72,0,0,0,0,AVOCADOS - ACRES BEARING & NON-BEARING,NA,NA,NA,NA,NA,,NA,NA,NA,NA,4
2017,73,900,900,0.2223945,0.2223945,"PEPPERS, BELL - ACRES HARVESTED; PEPPERS, CHILE - ACRES HARVESTED",NA,NA,NA,NA,NA,,NA,NA,NA,NA,6
2017,74,90000,90000,22.23945,22.23945,POMEGRANATES - ACRES BEARING & NON-BEARING,215,3.6,7.74,202.2677,227.7323,,N,9.667505267,Y,Omisison-adjustment raster from NLCD,3
2017,75,0,0,0,0,NECTARINES - ACRES BEARING & NON-BEARING,16,10.2,1.632,13.31536,18.68464,,NA,NA,NA,NA,4
2017,76,4500,4500,1.1119725,1.1119725,"GREENS, COLLARD - ACRES HARVESTED; GREENS, KALE - ACRES HARVESTED; GREENS, MUSTARD - ACRES HARVESTED",NA,NA,NA,NA,NA,,NA,NA,NA,NA,6
2017,77,52200,51585.24438,12.898881,12.74697181,"PLUM-APRICOT HYBRIDS, INCL PLUMCOTS & PLUOTS - ACRES BEARING & NON-BEARING; PLUMS - ACRES BEARING & NON-BEARING",22,10.77248657,2.369947046,18.10143711,25.89856289,,N,1.725900106,Y,Omisison-adjustment raster from NLCD,3
2017,78,12600,8757.593151,3.113523,2.164045056,STRAWBERRIES - ACRES GROWN,91,13.9,12.649,70.192395,111.807605,,N,42.05088049,Y,Omisison-adjustment raster from NLCD,3
2017,79,58500,58500,14.4556425,14.4556425,SQUASH - ACRES HARVESTED,1368,30.4,415.872,683.89056,2052.10944,,N,94.63432705,Y,Omisison-adjustment raster from NLCD,3
2017,80,0,0,0,0,APRICOTS - ACRES BEARING & NON-BEARING,752,20.3,152.656,500.88088,1003.11912,,NA,NA,NA,NA,4
2017,81,0,0,0,0,,0,0,0,0,0,,NA,NA,NA,NA,4
2017,82,0,0,0,0,LETTUCE - ACRES HARVESTED,118,13.2,15.576,92.37748,143.62252,,NA,NA,NA,NA,4
2017,83,5730300,0,1415.985782,0,PUMPKINS - ACRES HARVESTED,3441,34.2,1176.822,1505.12781,5376.87219,,NA,NA,NA,NA,5
2017,84,0,0,0,0,"BLUEBERRIES, TAME - ACRES GROWN",327,57.4,187.698,18.23679,635.76321,,NA,NA,NA,NA,4
2017,85,0,0,0,0,"CABBAGE, HEAD - ACRES HARVESTED",NA,NA,NA,NA,NA,,NA,NA,NA,NA,4
2017,86,0,0,0,0,CAULIFLOWER - ACRES HARVESTED,15,14.7,2.205,11.372775,18.627225,,NA,NA,NA,NA,4
2017,87,0,0,0,0,CELERY - ACRES HARVESTED,NA,NA,NA,NA,NA,,NA,NA,NA,NA,4
2017,88,0,0,0,0,,0,0,0,0,0,,NA,NA,NA,NA,4
2017,89,0,0,0,0,TURNIPS - ACRES HARVESTED,NA,NA,NA,NA,NA,(H),NA,NA,NA,NA,4
2017,90,0,0,0,0,EGGPLANT - ACRES HARVESTED,224,15.4,34.496,167.25408,280.74592,,NA,NA,NA,NA,4
2017,91,0,0,0,0,,NA,NA,NA,NA,NA,,NA,NA,NA,NA,4
2017,92,0,0,0,0,,0,0,0,0,0,,NA,NA,NA,NA,4
